Price,Close,Close,Close,Close,Close,High,High,High,High,High,Low,Low,Low,Low,Low,Open,Open,Open,Open,Open,Volume,Volume,Volume,Volume,Volume
Ticker,AMZN,ASML,META,NVDA,TSLA,AMZN,ASML,META,NVDA,TSLA,AMZN,ASML,META,NVDA,TSLA,AMZN,ASML,META,NVDA,TSLA,AMZN,ASML,META,NVDA,TSLA
Date,,,,,,,,,,,,,,,,,,,,,,,,,
2025-05-19,206.16000366210938,745.9111938476562,639.5059814453125,135.55294799804688,342.0899963378906,206.6199951171875,746.7774508287853,642.0722807676308,135.85289804232983,343.0,201.25999450683594,734.1021676773807,626.89419911061,132.3733402168265,333.3699951171875,201.64999389648438,736.5515588214403,627.3435620408461,132.3733402168265,336.29998779296875,34314800,977900,9592400,193154600,88869900
2025-05-20,204.07000732421875,745.5428466796875,636.1807861328125,134.3630828857422,343.82000732421875,205.58999633789062,745.7618722446949,638.427539897765,134.5630546490785,354.989990234375,202.64999389648438,738.1148778442149,631.3478032754666,132.6032947519003,341.6300048828125,204.6300048828125,742.4262903465257,635.0923928837207,134.2730826239034,347.8699951171875,29470400,777200,6743500,161514200,131715500
2025-05-21,201.1199951171875,734.0025634765625,634.5830688476562,131.78341674804688,334.6199951171875,203.4600067138672,752.5425535260521,645.6770241572503,137.3827028648009,347.3500061035156,200.05999755859375,732.3297892735527,629.2607421727805,130.57356230685332,332.20001220703125,201.61000061035156,745.7917169486519,630.878399880071,133.04325269152105,344.42999267578125,42460900,1058700,11464600,270608700,102354800
2025-05-22,203.10000610351562,737.5173950195312,635.6515502929688,132.81329345703125,341.0400085449219,205.75999450683594,743.9994327740459,642.321904930245,134.23311300774128,347.2699890136719,200.16000366210938,730.9955510140396,629.8000198555354,131.53345568577518,331.3900146484375,201.3800048828125,733.1562100079104,633.1351667006269,132.21336282687446,331.8999938964844,38938900,863500,8228400,187344000,97113400
2025-05-23,200.99000549316406,729.3427124023438,626.1552124023438,131.2734832763672,339.3399963378906,202.3699951171875,732.8276740092476,631.5374497961886,132.66330787048915,343.17999267578125,197.85000610351562,719.4155795102446,621.7516024100725,129.14376150329426,333.2099914550781,198.89999389648438,721.4865986515683,623.0996301156218,129.98365220977007,337.9200134277344,33393500,1525200,8454100,198821300,84654800
2025-05-27,206.02000427246094,753.538330078125,641.3932495117188,135.48294067382812,362.8900146484375,206.69000244140625,757.9393827216926,642.1521627133571,135.64292419162265,363.7900085449219,202.19000244140625,746.7277530730427,631.8370500697896,133.2932139517279,347.32000732421875,203.08999633789062,748.1416348393522,634.4931853284312,134.13310453484723,347.3500061035156,34892000,1385100,9508400,192953600,120146400
2025-05-28,204.72000122070312,743.302490234375,642.6514282226562,134.7930450439453,356.8999938964844,207.66000366210938,753.1400438329235,649.9408832345952,137.23274065219468,365.0,204.41000366210938,741.6097824469579,641.6228851026552,134.773043287045,355.9100036621094,205.9199981689453,748.9083047508342,641.6728007707804,136.01289284806998,364.8399963378906,28549800,1244000,9042900,304021100,91404300
2025-05-29,205.6999969482422,743.860107421875,644.1193237304688,139.17250061035156,358.42999267578125,208.80999755859375,756.286465756561,652.3774114577973,143.47196297724966,367.7099914550781,204.22999572753906,741.6397084033488,638.5773433389169,137.89266277883826,356.0,208.02999877929688,754.5738851691385,650.7098379625838,142.2321134030903,365.2900085449219,34650000,1166000,8858800,369241900,88087800
2025-05-30,205.00999450683594,733.6043090820312,646.5557861328125,135.11300659179688,346.4599914550781,205.99000549316406,742.7548244569366,648.4729988751875,139.6024320207408,363.67999267578125,201.6999969482422,719.8934557675931,631.8670488528962,132.9032778793795,345.2900085449219,204.83999633789062,741.8088942069488,641.5729954990708,138.7025513364048,355.5199890136719,51679400,1785400,16241000,333170900,123474900
2025-06-02,206.64999389648438,743.3223876953125,669.9320678710938,137.3627166748047,342.69000244140625,207.0,743.7405660502577,672.2886482991516,138.10261378714853,348.0199890136719,202.67999267578125,729.5119274967607,643.3304887205626,135.38295485750098,333.3299865722656,204.97999572753906,730.1392254156307,643.4603060358205,135.4729551269194,343.5,29113300,812600,15766300,197663100,81873800
2025-06-03,205.7100067138672,744.0392456054688,665.8878784179688,141.2022247314453,344.2699890136719,208.9499969482422,745.3336476620452,674.6053246627993,141.9821253260672,355.3999938964844,205.02999877929688,729.0539240078081,664.0705578546837,137.93263208053457,343.0400085449219,207.11000061035156,729.511908603252,670.481278340603,138.76252943263086,346.6000061035156,33139100,1085100,11585000,225578800,99324500
2025-06-04,207.22999572753906,739.5885009765625,686.9574584960938,141.9021453857422,332.04998779296875,208.17999267578125,749.5355668787057,688.0059313980648,142.37208748278405,345.6000061035156,205.17999267578125,737.2286283254339,667.6054145049494,139.52243989492337,327.3299865722656,206.5500030517578,747.9523719459316,668.3543324273711,142.17211569309742,345.1000061035156,29915600,1160000,14031900,167120800,98912100
2025-06-05,207.91000366210938,744.547119140625,683.6322021484375,139.97239685058594,284.70001220703125,212.80999755859375,753.2097501193313,693.3781298406639,143.98188696027037,324.54998779296875,207.55999755859375,740.803264959637,681.2656265406558,138.81253909953503,273.2099914550781,209.5500030517578,750.8897443833528,690.6620226565076,142.15211531599257,322.489990234375,51864200,1506500,13083100,231397900,287499800
2025-06-06,213.57000732421875,749.7845458984375,696.703369140625,141.70216369628906,295.1400146484375,213.8699951171875,758.8254884373617,701.7959865050877,143.2519716576077,305.5,210.5,749.565459562495,690.8717682492216,141.49218341482276,291.1400146484375,212.39999389648438,752.8114621631498,695.1655520394484,142.4920575502711,298.8299865722656,39832500,1345100,11728000,153986200,164747700
2025-06-09,216.97999572753906,766.8906860351562,693.05859375,142.612060546875,308.5799865722656,217.85000610351562,778.8391255139499,704.1725400365549,144.98175749406252,309.8299865722656,212.8800048828125,753.8071302203797,692.9387717641956,141.9221449149421,281.8500061035156,214.75,753.8071302203797,697.4522697198046,143.17198765195985,285.9599914550781,38102500,1769400,12773200,185114500,140908900
2025-06-10,217.61000061035156,781.59716796875,701.3865966796875,143.94189453125,326.0899963378906,217.69000244140625,784.9029101233455,702.2153552678959,144.27183958658884,327.8299865722656,214.14999389648438,773.1536236725669,690.5622098918083,141.51219232566982,310.6700134277344,216.77999877929688,775.762361382433,700.3380628694553,142.6720500430919,314.94000244140625,31303300,1715500,10850100,155881900,151256500
2025-06-11,213.1999969482422,780.7210083007812,693.1384887695312,142.8219451904297,326.42999267578125,218.39999389648438,793.8244366708802,707.8472163839234,144.9818270127783,335.5,212.88999938964844,777.3355928537314,690.9915664747034,141.8619926278542,322.5,217.41000366210938,786.6553609301841,702.6946882022667,144.6018435649776,334.3999938964844,39326000,1365900,9582500,167694000,122611400
2025-06-12,213.24000549316406,782.8319091796875,692.359619140625,144.9918212890625,319.1099853515625,213.5800018310547,786.1774576642766,694.3767242272471,144.9918212890625,332.55999755859375,211.3300018310547,778.9785422911523,686.0088098513999,141.84200506767834,316.8599853515625,211.77999877929688,782.0651981954627,692.2997081453341,141.9619934165529,323.0799865722656,27640000,999600,7322700,162365000,105127500
2025-06-13,212.10000610351562,757.7301635742188,681.884765625,141.9619903564453,325.30999755859375,214.0500030517578,769.6088959022857,693.5678973171928,143.57190012016565,332.989990234375,209.6199951171875,756.605014054254,680.0274638185289,140.84205843661482,313.29998779296875,209.9600067138672,763.5948702273266,686.9574533802801,142.47195608609783,313.9700012207031,29337800,1742900,9274400,180820600,128964300
2025-06-16,216.10000610351562,771.8989868164062,701.6464233398438,144.6818389892578,329.1300048828125,217.05999755859375,775.8419934408608,706.6730599404123,146.17174515794912,332.04998779296875,211.60000610351562,762.6887320430621,693.042245323344,143.19191756263837,326.4100036621094,212.30999755859375,763.077070883867,698.8583271202571,143.3419182543515,331.2900085449219,33284200,1454500,13720300,183133700,83925900
2025-06-17,214.82000732421875,756.5950317382812,696.7597045898438,144.1118621826172,316.3500061035156,217.41000366210938,769.8877061464098,705.4937997727949,145.2118062109318,327.260009765625,214.55999755859375,754.9521578942888,695.5905108235235,143.77188503129375,314.739990234375,215.1999969482422,763.4853417550821,701.5265067822095,144.48185167828373,326.0899963378906,32086300,1422800,10066100,139108000,88282700
2025-06-18,212.52000427246094,758.3674926757812,695.3007202148438,145.47178649902344,322.04998779296875,217.9600067138672,764.7001512175536,701.1168019237268,145.64177507521472,329.32000732421875,212.33999633789062,750.9992637845739,694.4313119124115,143.1119190601379,315.45001220703125,215.08999633789062,761.4441819076172,697.7090678240436,144.00186822839106,317.30999755859375,44360500,1372500,10068300,161494100,95137700
2025-06-20,209.69000244140625,753.2794189453125,681.8897094726562,143.84188842773438,322.1600036621094,214.88999938964844,765.7057762238016,701.3466080737581,146.1917466588846,332.3599853515625,208.27000427246094,733.0865275948634,678.2121990654855,142.6419439392267,317.7799987792969,214.67999267578125,765.0685115498012,700.2773225024961,145.4417889825313,327.95001220703125,75350700,2303900,22538600,242956200,108688000
2025-06-23,208.47000122070312,776.3697509765625,698.0588989257812,144.161865234375,348.67999267578125,210.38999938964844,777.3953545506153,698.578506730811,144.77183143330174,357.5400085449219,207.30999755859375,756.5453249352098,678.2922104620159,142.02198656661903,327.4800109863281,209.7899932861328,757.9891068805032,683.2288810707365,142.49196127355907,327.5400085449219,37311700,1302800,11080100,154308900,190716800
2025-06-24,212.77000427246094,809.865234375,711.7196655273438,147.8916473388672,340.4700012207031,214.33999633789062,809.9648411703271,712.7089880581048,147.9516567694991,356.260009765625,211.0500030517578,782.7323190187327,701.6364439383941,145.4917888831412,340.44000244140625,212.13999938964844,782.7323190187327,704.4145982313105,145.55178305584516,356.1700134277344,38378800,2039600,13823200,187566100,114736200
2025-06-25,211.99000549316406,811.7371826171875,708.2020263671875,154.30130004882812,327.54998779296875,216.02999877929688,816.0186948321971,716.0967226422507,154.44129154756814,343.0,211.11000061035156,802.7559190271323,704.9042642374237,149.2515816348226,320.3999938964844,214.6199951171875,813.2407043869188,712.8389115768144,149.2615908362584,342.70001220703125,31755700,1400100,9320400,269146500,119845100
2025-06-26,217.1199951171875,794.6608276367188,725.6002807617188,155.01126098632812,325.7799987792969,218.0399932861328,797.4388178053626,727.7287879670295,156.71116205301092,331.04998779296875,212.00999450683594,783.1206003147621,710.5703861718163,153.99131424314706,323.6099853515625,213.1199951171875,796.3236350354688,713.8781511444844,155.9711982969104,324.6099853515625,50480800,1705800,13964800,198145700,80440900
2025-06-27,223.3000030517578,792.530029296875,733.1351928710938,157.74110412597656,323.6300048828125,223.3000030517578,802.0290166070677,734.933966624867,158.7010567029259,329.3399963378906,216.74000549316406,785.0622547776625,725.3704139910845,155.25123904977087,317.5,219.9199981689453,799.4899854251164,726.0300029969949,156.03119384319848,324.510009765625,119217100,1201000,18775700,263234500,89067000
2025-06-30,219.38999938964844,797.9466552734375,737.5922241210938,157.98109436035156,317.6600036621094,223.82000732421875,798.9921315486129,747.3956053545359,158.65105473929458,325.5799865722656,219.1199951171875,790.6281998014013,733.7547871608941,155.95121007936535,316.6000061035156,223.52000427246094,793.0577182024176,744.0478281561813,158.39105963903748,319.8999938964844,58887800,1080400,15402100,194580300,76695100
2025-07-01,220.4600067138672,787.0735473632812,718.73486328125,153.29136657714844,300.7099914550781,221.8800048828125,792.0819640631731,737.2523942395003,157.19114075936278,305.8900146484375,217.92999267578125,779.1776275975498,714.8874844693272,151.4814709885328,293.2099914550781,219.5,784.6639624274221,736.3829859262192,156.28118836420296,298.4599914550781,39256800,1065800,13431200,213143600,145085700
2025-07-02,219.9199981689453,796.1544189453125,713.0886840820312,157.2411346435547,315.6499938964844,221.60000610351562,797.0604821974885,719.814124987759,157.5911210146133,316.8299865722656,219.05999755859375,769.5392287263713,712.3191839508311,152.9613771597412,303.82000732421875,219.72999572753906,772.9047107022918,714.8475066710681,152.97137110311218,312.6300048828125,30894200,1383000,9336700,171224100,119483700
2025-07-03,223.41000366210938,791.0862426757812,718.5250244140625,159.3310089111328,315.3500061035156,224.00999450683594,795.0989559977928,728.5382852595793,160.97091579811564,318.45001220703125,221.36000061035156,783.2301293430068,713.9380936153356,157.76110539966962,312.760009765625,221.82000732421875,783.5885679322905,726.1198736779997,158.36106240246136,317.989990234375,29632400,910700,8601700,143716100,58042300
2025-07-07,223.47000122070312,781.7166748046875,717.865478515625,158.2310791015625,293.94000244140625,224.2899932861328,790.0805454646425,726.5096688493239,159.3010108082469,296.1499938964844,222.3699951171875,780.4321787446054,713.0287770502092,157.33112071622008,288.7699890136719,223.0,782.0850801375896,717.1159843593155,158.19107281354107,291.3699951171875,36604100,1363700,9457100,140139000,131177900
2025-07-08,219.36000061035156,790.68798828125,720.1838989257812,159.99098205566406,297.80999755859375,224.0,794.9595944520892,722.4223783113574,160.21097087662494,304.04998779296875,218.42999267578125,775.384032995098,714.3278660699458,158.3810721884118,294.3500061035156,223.9199981689453,779.297139780526,721.0833162832664,159.32102164925746,297.0,45692000,1327800,7770700,138133000,103246700
2025-07-09,222.5399932861328,796.3933715820312,732.2857666015625,162.87081909179688,295.8800048828125,224.2899932861328,797.4587813845447,737.0325627099321,164.41072552837133,300.1499938964844,220.47000122070312,789.0649492526894,722.2324935525554,161.15091487239096,293.54998779296875,221.07000732421875,789.5030611268734,722.2324935525554,161.2109090473586,297.54998779296875,38155100,1334300,11418000,183656400,75586800
2025-07-10,222.25999450683594,798.6436767578125,726.7494506835938,164.09075927734375,309.8699951171875,222.7899932861328,807.6149123305963,735.3036743334181,164.4907306346819,310.4800109863281,219.6999969482422,794.5712235711101,719.1145893949879,161.6008940928153,300.0,221.5500030517578,805.4542532127376,731.0565410529589,164.31074810125853,300.04998779296875,30370600,1498900,9913600,167704100,104365300
2025-07-11,225.02000427246094,798.484375,717.0260620117188,164.91070556640625,313.510009765625,226.67999267578125,799.738970936538,724.6708656262394,167.88053943905462,314.0899963378906,222.3699951171875,793.0976466514766,709.2213321577215,163.4607903198708,305.6499938964844,223.5800018310547,793.645271335847,722.0126865863356,163.71077623333997,307.8900146484375,50518300,932400,10873900,193633300,79236400
2025-07-14,225.69000244140625,803.263671875,720.4337158203125,164.06076049804688,316.8999938964844,226.66000366210938,809.2777584629226,727.5089573741911,165.48067863727533,322.6000061035156,224.24000549316406,786.4761294889024,716.0666683046045,162.0108729824689,312.6700134277344,225.07000732421875,794.1928297575773,717.1159478712506,165.36067502496692,317.7300109863281,35702600,1456900,8939400,136975800,78043400
2025-07-15,226.35000610351562,819.4837646484375,709.910888671875,170.69036865234375,310.7799987792969,227.27000427246094,823.0085325177205,723.9813484321952,172.39026971263084,321.20001220703125,225.4600067138672,810.71162084327,709.3412657918492,169.19045325951484,310.5,226.1999969482422,819.4438976210362,723.4117865461602,171.18034650685541,319.67999267578125,34907300,2099600,11529500,230627400,77556300
2025-07-16,223.19000244140625,751.2083129882812,702.4358520507812,171.36033630371094,321.6700134277344,226.10000610351562,757.6306109674721,713.4883895101593,171.74031976856003,323.5,222.17999267578125,727.4607545219105,698.7983536292803,168.89047429804987,312.6199951171875,225.8800048828125,751.1186729576283,712.8888186148534,171.05035621730414,312.79998779296875,39535900,10789600,13067600,158831500,97284800
2025-07-17,223.8800048828125,741.7092895507812,700.9368896484375,172.99024963378906,319.4100036621094,224.5,753.597988920271,705.4239124906103,174.15018791751396,324.3399963378906,222.50999450683594,738.8118198008046,696.6398020897627,170.82037376702192,317.05999755859375,223.32000732421875,743.6111168124748,703.9149211888315,172.01030913929756,323.1499938964844,31855800,4078500,11803300,160841100,73922900
2025-07-18,226.1300048828125,731.4237670898438,703.8049926757812,172.40028381347656,329.6499938964844,226.39999389648438,748.858542072277,704.2346953216606,174.24017641906912,330.8999938964844,222.97999572753906,731.174841258051,691.1835067266235,171.2503394915346,321.4200134277344,225.13999938964844,748.84857531534,701.7163755426589,173.63021019833226,321.6600036621094,37833800,2567200,12779800,146456400,94255000
2025-07-21,229.3000030517578,716.5877075195312,712.4890747070312,171.37034606933594,328.489990234375,229.69000244140625,729.7509360837275,716.5163857618587,173.37023335124513,338.0,225.64999389648438,716.229268935102,705.283976865439,170.99036260323587,326.8800048828125,225.83999633789062,727.8590755999562,706.323253430884,172.7402639749064,334.3999938964844,40297600,2650300,9404400,123126100,75768800
2025-07-22,227.47000122070312,702.44873046875,704.3345947265625,167.0205841064453,332.1099853515625,230.0,715.9703980264409,716.1166202717292,171.38033896465845,335.4100036621094,226.35000610351562,698.1771852761506,700.936863669917,164.5707252526767,321.54998779296875,229.67999267578125,715.2236205665029,715.7069236590216,171.33033873133073,329.739990234375,37483700,3425100,8921100,193114300,77370400
2025-07-23,228.2899932861328,713.8495483398438,713.0986938476562,170.77037048339844,332.55999755859375,228.7899932861328,716.876464445952,714.1479734039639,171.25033914956657,336.20001220703125,227.08999633789062,705.0873715923468,704.4545040389586,167.96053134785282,328.6700134277344,228.47000122070312,712.1369678617959,705.8935351714335,169.52044095634585,330.8999938964844,28294900,3379400,8771600,154082200,92553800
2025-07-24,232.22999572753906,721.964599609375,714.31787109375,173.73020935058594,305.29998779296875,236.0,723.5079276421092,723.1319295191287,173.82020061413024,310.1499938964844,228.63999938964844,715.2734415179373,713.518422874761,171.29034448608226,300.4100036621094,229.1699981689453,719.903486389049,716.5663535187755,172.43027959809626,310.0,42902300,2037100,10920800,128984600,156966000
2025-07-25,231.44000244140625,708.1939697265625,712.1992797851562,173.49021911621094,316.05999755859375,232.47999572753906,710.0858302993179,720.1639356225638,174.71015156060187,323.6300048828125,231.17999267578125,703.5639250880804,711.4198376232321,172.9502562716434,308.010009765625,232.22000122070312,706.0930503561752,716.4364100852231,173.60021352539138,308.739990234375,28712100,2312100,8271700,122316800,148227000
2025-07-28,232.7899932861328,726.8534545898438,717.14599609375,176.7400360107422,325.5899963378906,234.2899932861328,732.2501495510995,724.2511860836681,176.9900219174052,330.489990234375,232.25,725.3598996144739,712.199322444747,173.96019394928393,315.69000244140625,233.35000610351562,731.9913177379443,714.7176423374738,174.0101941822023,318.45001220703125,26300100,2253900,8715700,140023500,112673800
2025-07-29,231.00999450683594,717.217529296875,699.52783203125,175.50009155273438,321.20001220703125,234.72000122070312,725.6325922776999,723.9812971110003,179.36988356772682,326.25,230.30999755859375,714.4324923795043,699.4378659012062,175.01012896550742,318.25,234.14999389648438,721.4500104190537,719.5143415178571,177.94996552058157,325.54998779296875,33716200,2292900,13267000,154077500,87358900
2025-07-30,230.19000244140625,720.1723022460938,694.7410888671875,179.25990295410156,319.0400085449219,231.8000030517578,722.7377580090092,708.0221025377599,179.87986313645385,324.45001220703125,229.2899932861328,714.2328276920335,690.7337839335887,176.03007396904806,311.6199951171875,231.63999938964844,715.6203805821619,707.6124059283386,176.50004870661488,322.17999267578125,32993300,1407000,27077300,174312200,83931900
2025-07-31,234.11000061035156,693.4796752929688,772.9183349609375,177.85997009277344,308.2699890136719,236.52999877929688,706.2869092142004,784.2207041864842,183.28967198380855,321.3699951171875,231.39999389648438,689.9858738697025,764.9936908827026,175.92007699286586,306.1000061035156,235.77000427246094,705.1489744837604,774.6771576404832,182.88968537366165,319.6099853515625,104357300,2892200,38831100,221685400,85270900
2025-08-01,214.75,688.5983276367188,749.504150390625,173.710205078125,302.6300048828125,220.44000244140625,692.2019196599791,765.4833558536491,176.53003812303805,309.30999755859375,212.8000030517578,682.2695290465153,744.8073082016023,170.88036283204175,297.82000732421875,217.2100067138672,688.7780015432652,760.2168907933417,174.08017933113513,306.2099914550781,122258800,1627100,19028700,204529000,89121400
2025-08-04,211.64999389648438,698.1213989257812,775.8463745117188,179.98985290527344,309.260009765625,217.44000244140625,698.2112663411283,776.3260312589632,180.18983857913796,312.1199951171875,211.4199981689453,691.6728787628406,757.898465626429,174.5101661001552,303.0,217.39999389648438,694.3481250953668,759.4874200926632,175.150129411279,309.0799865722656,77890100,1025600,15801700,148174600,78683900
2025-08-05,213.75,688.4086303710938,762.945068359375,178.24993896484375,308.7200012207031,216.3000030517578,694.3980040250553,782.6017838704779,180.24982614601393,312.45001220703125,212.8699951171875,683.0281617494572,762.485356671436,175.8900714807458,305.5,213.0500030517578,693.4895815683846,775.9262968482556,179.6098628583566,308.95001220703125,51505100,1261200,11640300,156407600,57961300
2025-08-06,222.30999755859375,689.736328125,771.4692993164062,179.40988159179688,319.9100036621094,222.64999389648438,691.2036955022473,773.1182108239055,179.88985025482887,320.4700012207031,213.74000549316406,684.2260845774894,759.9471077743785,176.2400621628547,306.92999267578125,214.6999969482422,686.4321925895616,769.4806512883487,176.32005948301483,307.8900146484375,54823000,1218700,9733900,137192300,78523600
2025-08-07,223.1300048828125,711.8570556640625,761.316162109375,180.7598114013672,322.2699890136719,226.22000122070312,715.6303905081586,774.4772618550992,183.86963665167795,322.3999938964844,220.82000732421875,705.3685671999913,759.037670694158,178.78992126086553,316.1600036621094,221.0,712.7554861299128,772.9682705923176,181.5597693442696,319.7900085449219,40603500,1723800,9019700,151878400,66658700
2025-08-08,222.69000244140625,721.040771484375,768.7811279296875,182.689697265625,329.6499938964844,223.8000030517578,722.2186743815175,769.3807598518028,183.2896695438941,335.1499938964844,221.8800048828125,709.1917982453283,758.0683873872562,180.3898238761652,320.9800109863281,223.13999938964844,711.1482880727241,762.2355578226991,181.5397681998595,321.42999267578125,32970500,1042900,7320800,123396700,91200300
2025-08-11,221.3000030517578,720.0325317382812,765.3534545898438,182.0497283935547,339.0299987792969,223.0500030517578,730.5638351252999,772.9383623565644,183.82962677132744,346.6400146484375,220.39999389648438,718.2457238260846,764.1542517302764,180.23983292857787,334.1499938964844,221.77999877929688,722.7177700890925,769.5606371158788,182.0397344504628,335.0,31646200,1179700,7612000,138323200,105320200
2025-08-12,221.47000122070312,740.4762573242188,789.4671630859375,183.14967346191406,340.8399963378906,223.5,742.0334921047348,793.13467067664,184.46959107996432,345.260009765625,219.0500030517578,722.1986870342313,771.9090063294184,179.4498851930147,332.94000244140625,222.22999572753906,724.2451051964431,772.4786291967464,182.94968779347354,345.0,37185800,1461800,14563100,145485700,80522100
2025-08-13,224.55999755859375,754.2318725585938,779.5538940429688,181.5797576904297,339.3800048828125,224.9199981689453,754.8607616858468,794.9235259193555,183.95962838065756,348.9800109863281,222.0,746.2160646591631,777.7051051745191,179.33989375414814,338.20001220703125,222.0,749.3006189941216,790.6164352280034,182.60969839497247,341.5,36508300,2011900,8811800,179871700,67838900
2025-08-14,230.97999572753906,753.8724975585938,781.6024780273438,182.00973510742188,335.5799865722656,233.11000061035156,755.6593054223505,787.2786396920953,183.0096786896392,340.4700012207031,227.02000427246094,743.2413350071255,771.9889713529242,179.44988197821397,330.3999938964844,227.39999389648438,745.9565493982435,777.3553445445746,179.73985890356857,335.760009765625,61545800,1577400,8116200,129554000,75000700
2025-08-15,231.02999877929688,740.8455810546875,784.7003784179688,180.4398193359375,330.55999755859375,234.0800018310547,745.8267947633775,795.7129654452535,181.88973450248375,339.29998779296875,229.80999755859375,735.3553217531295,780.293379600551,178.02995160113952,327.0199890136719,232.5800018310547,737.1920898546484,783.621150744718,181.86974661621798,337.6600036621094,39649200,1635100,13375400,156602200,74319800
2025-08-18,231.49000549316406,746.22607421875,766.8524169921875,181.99972534179688,335.1600036621094,231.91000366210938,746.6752894526301,775.2867267942328,182.92968080449612,336.2699890136719,228.3300018310547,738.1304516788642,756.0497105947067,180.5798072904055,329.5899963378906,230.22999572753906,738.3600248514209,774.5672416992095,180.58981649127065,329.6199951171875,25248900,1086400,16513700,132008000,56956600
2025-08-19,228.00999450683594,742.2930297851562,750.97314453125,175.63009643554688,329.30999755859375,230.52999877929688,754.3516528027549,766.6525648449835,182.4897102645763,340.54998779296875,227.1199951171875,740.3964312983265,748.854579245516,175.48011099603517,327.8500061035156,230.08999633789062,750.2089782062856,766.6026107662994,182.41970688751834,335.7900085449219,29891000,1121300,12286700,185229200,75956000
2025-08-20,223.80999755859375,748.16259765625,747.2156372070312,175.39010620117188,323.8999938964844,227.27000427246094,752.1056141502557,749.6940059349637,175.99007848098316,331.3699951171875,220.9199981689453,736.8726307945482,730.506944043105,168.79048741289236,314.6000061035156,227.1199951171875,749.4702751291064,747.0657749776972,175.1601234390134,329.2200012207031,36604300,1368400,11898200,215142700,77481800
2025-08-21,221.9499969482422,734.0975952148438,738.6014404296875,174.97012329101562,320.1099853515625,222.77999877929688,740.1867674474308,744.9971479214436,176.89001313294924,324.8999938964844,220.5,730.8133829714889,732.6154905427838,173.80019113380274,318.67999267578125,222.64999389648438,738.0505428689856,744.2077027473434,174.8401410010552,322.0799865722656,32140500,952700,8876300,140040900,55744400
2025-08-22,228.83999633789062,753.5531005859375,754.2808837890625,177.97996520996094,340.010009765625,229.13999938964844,760.2212629606519,756.389506981927,178.57992220965232,340.25,220.82000732421875,739.0587960832644,733.8946798718869,171.19033968434712,319.69000244140625,222.7899932861328,740.3664736295067,738.7313812096488,172.60026380920357,321.6600036621094,37315300,1456000,10612700,172789400,94016300
2025-08-25,227.94000244140625,753.1238403320312,752.7918701171875,179.79986572265625,346.6000061035156,229.60000610351562,756.9170981807011,758.3681233608074,181.89975349617023,349.5299987792969,227.30999755859375,750.7580425796765,749.6240254313439,176.56005805348863,335.0299987792969,227.35000610351562,753.4133047956274,754.3108643612958,178.3399565343825,338.8999938964844,22633700,731100,6861200,163012800,86670000
2025-08-26,228.7100067138672,761.848388671875,753.5913696289062,181.75975036621094,351.6700134277344,229.0,762.1478451879113,754.3608698171868,182.379710508586,351.8999938964844,226.02000427246094,754.5712602333418,747.4355511046348,178.79991063056144,343.7200012207031,227.11000061035156,757.4262414917245,750.2936075268326,180.04984011627135,344.92999267578125,26105400,860100,7601800,168688200,76651600
2025-08-27,229.1199951171875,768.6362915039062,746.8759155273438,181.5897674560547,349.6000061035156,229.8699951171875,769.215281354486,753.6413688476172,182.47971666734583,355.3900146484375,227.80999755859375,756.4478940906027,742.338999603057,179.0899084065932,349.1600036621094,228.57000732421875,758.6540020038556,751.7925800305345,181.96973565618129,351.94000244140625,21254500,1140700,8315400,235518900,65519000
2025-08-28,231.60000610351562,762.10791015625,750.6033935546875,180.1598358154297,345.9800109863281,232.7100067138672,771.8006744461946,752.5420875468095,184.45959632874283,353.54998779296875,228.02000427246094,759.5224703201606,740.3003496517379,176.40005338826177,340.260009765625,229.00999450683594,768.6363056759112,743.4982035863915,180.80980830742462,350.9100036621094,33679600,985400,7468000,281787800,67903200
2025-08-29,229.0,741.3048095703125,738.2017822265625,174.170166015625,333.8699951171875,231.80999755859375,752.2653444118071,746.6360921511391,178.13994326196564,348.75,228.16000366210938,738.47980446183,734.8540051000575,173.14022534545884,331.70001220703125,231.32000732421875,751.6664313871045,744.7773613013366,178.099952232122,347.2300109863281,26199200,1317800,9070500,243257900,81145700
2025-09-02,225.33999633789062,724.564453125,734.6141357421875,170.77037048339844,329.3599853515625,226.1699981689453,725.9120987528336,735.5035500540433,172.37028638119727,333.3299865722656,221.8300018310547,714.9315803916652,721.2431559989143,167.2105736316213,325.6000061035156,223.52000427246094,715.9398013713384,725.5502463590637,169.99041567915194,328.2300109863281,38843900,1867400,9350900,231164900,58392000
2025-09-03,225.99000549316406,735.5150756835938,736.5528564453125,170.61038208007812,334.0899963378906,227.1699981689453,736.9924350599168,739.7507102826166,172.40028977270214,343.3299865722656,224.36000061035156,728.2679236259031,733.4949228182503,168.8704898798795,328.510009765625,225.2100067138672,730.9231858734921,735.5035768564753,171.0503597309562,335.20001220703125,29223100,1330300,7699300,164424900,88733300
2025-09-04,235.67999267578125,752.0956420898438,748.1450805664062,171.65032958984375,338.5299987792969,235.77000427246094,755.5595282818524,760.6465916805791,171.85031526705663,338.8900146484375,230.77999877929688,734.1275207126494,745.3169722452417,169.40045639085815,331.4800109863281,231.19000244140625,735.7446467624319,748.0651174458885,170.56039467979372,336.1499938964844,59391800,1532700,11439100,141670100,60711000
2025-09-05,232.3300018310547,780.3156127929688,751.9425048828125,167.01058959960938,350.8399963378906,236.0,781.7130968211635,757.4387952805295,169.02047080600087,355.8699951171875,231.92999267578125,764.8829706911404,744.5275265518461,164.06075893837155,344.67999267578125,235.19000244140625,773.5076837775591,752.1123731440612,168.02052717453523,348.0,36721800,1887300,9663400,224441400,108989800
2025-09-08,235.83999633789062,794.83984375,751.7925415039062,168.30050659179688,346.3999938964844,237.60000610351562,797.2855169931049,765.992978439962,170.95036631358883,358.44000244140625,233.75,785.3566682201727,751.5127620882034,167.34056927044318,344.8399963378906,234.94000244140625,788.2515567001032,755.4900579545978,167.5405549408978,354.6400146484375,33947100,1284500,13087800,163769100,75208300
2025-09-09,238.24000549316406,803.7041015625,765.1835327148438,170.7503662109375,346.9700012207031,238.85000610351562,804.4128660702969,765.7831036056251,170.97035502688004,350.7699890136719,235.0800018310547,791.7153617938915,752.9217895494754,166.7306038641957,343.82000732421875,236.36000061035156,793.791695126756,756.9790485610613,169.08046220477644,348.44000244140625,27033800,1324100,10999000,157548400,53816000
2025-09-10,230.3300018310547,791.7353515625,751.4727783203125,177.32000732421875,347.7900085449219,237.67999267578125,808.1661616576546,765.1835560495044,179.2798883121013,356.3299865722656,229.10000610351562,789.6191109890608,750.4934588375091,175.46011154547278,346.07000732421875,237.52000427246094,805.3911167622081,764.6139331888977,176.63004377208136,350.54998779296875,60907700,1634300,12478300,226852000,72121700
2025-09-11,229.9499969482422,802.7357788085938,750.3935546875,177.1699981689453,368.80999755859375,231.52999877929688,807.7169925296378,756.5893240941964,180.27999877929688,368.989990234375,229.33999633789062,797.0958217046964,747.8652318538085,176.47999572753906,347.6000061035156,231.49000549316406,798.2737245737957,754.1410253741255,179.67999267578125,350.1700134277344,37485600,1297800,7923300,151159300,103756000
2025-09-12,228.14999389648438,812.4285888671875,755.0803833007812,177.82000732421875,395.94000244140625,230.7899932861328,814.3352402766282,757.0590282777322,178.60000610351562,396.69000244140625,226.2899932861328,804.8719884211374,743.2583455274284,176.4499969482422,370.239990234375,230.35000610351562,807.0880883673119,748.2249639979328,177.77000427246094,370.94000244140625,38496200,1019700,8248600,124911000,168156400
2025-09-15,231.42999267578125,865.7639770507812,764.1842041015625,177.75,410.0400085449219,233.72999572753906,867.1814451344248,773.547878937133,178.85000610351562,425.70001220703125,230.32000732421875,832.4430890211868,751.4827553370264,174.50999450683594,402.42999267578125,230.6300048828125,833.4513100333567,756.9590394303372,175.6699981689453,423.1300048828125,33243300,2702300,10533800,147061600,163823700
2025-09-16,234.0500030517578,876.8642578125,778.4745483398438,174.8800048828125,421.6199951171875,235.89999389648438,879.8989128159401,780.8329418323293,177.5,423.25,232.22999572753906,866.0334980682514,764.583899780601,174.3800048828125,411.42999267578125,232.94000244140625,878.38158531422,766.4826425887807,177.0,414.5,38203900,1832400,11782500,140737800,104285700
2025-09-17,231.6199951171875,870.7252197265625,775.19677734375,170.2899932861328,425.8599853515625,234.3000030517578,876.075712485076,782.7616789884555,173.1999969482422,428.30999755859375,228.7100067138672,859.6548334307103,765.7931508650867,168.41000366210938,409.6700134277344,233.77000427246094,866.6923356177064,779.4639169106475,172.63999938964844,415.75,42815200,1553300,9400900,211843800,106133500
2025-09-18,231.22999572753906,926.1567993164062,779.7237548828125,176.24000549316406,416.8500061035156,233.47999572753906,937.0175350691437,788.2480310412486,177.10000610351562,432.2200012207031,228.7899932861328,914.4076861107036,772.8383872533639,172.9600067138672,416.55999755859375,232.5,927.0252536209509,780.223417654285,173.97999572753906,428.8699951171875,37931700,3176100,10955000,191763300,90454500
2025-09-19,231.47999572753906,930.4991455078125,777.85498046875,176.6699981689453,426.07000732421875,234.16000366210938,936.9876337204289,790.2665859871321,178.0800018310547,429.4700012207031,229.6999969482422,924.2302384204802,768.6711767678263,175.17999267578125,421.7200012207031,232.3699951171875,924.4298963970497,785.8895354575697,175.77000427246094,421.82000732421875,97943200,2410200,23696800,237182100,93131000
2025-09-22,227.6300048828125,956.1036987304688,765.1599731445312,183.61000061035156,434.2099914550781,230.57000732421875,962.8317522642155,785.72998046875,184.5500030517578,444.9800109863281,227.50999450683594,951.9011937449241,764.469970703125,174.7100067138672,429.1300048828125,230.55999755859375,959.2181682539417,781.8499755859375,175.3000030517578,431.1099853515625,45914500,1885000,11706900,269637000,97108800
2025-09-23,220.7100067138672,961.8035888671875,755.4000244140625,178.42999267578125,425.8500061035156,227.86000061035156,975.7488181045086,770.5999755859375,182.4199981689453,440.9700012207031,220.07000732421875,954.3068796770434,751.0700073242188,176.2100067138672,423.7200012207031,227.8300018310547,962.7019583692248,769.25,181.97000122070312,439.8800048828125,70956200,1664800,10872600,192559600,83422700
2025-09-24,220.2100067138672,945.262939453125,760.6599731445312,176.97000122070312,442.7900085449219,224.55999755859375,951.9111175584407,761.1099853515625,179.77999877929688,444.2099914550781,219.4499969482422,939.2835576954184,752.530029296875,175.39999389648438,429.0299987792969,224.14999389648438,948.0379842963924,757.5,179.77000427246094,429.8299865722656,49509000,1400700,8828200,143564100,93133600
2025-09-25,218.14999389648438,947.8682861328125,748.9099731445312,177.69000244140625,423.3900146484375,220.6699981689453,950.9727635410376,756.77001953125,180.25999450683594,435.3500061035156,216.47000122070312,935.4603076106696,744.5499877929688,173.1300048828125,419.0799865722656,220.05999755859375,936.5384119349335,753.4500122070312,174.47999572753906,435.239990234375,52226300,1272600,10591100,191586700,96746400
2025-09-26,219.77999877929688,949.8348388671875,743.75,178.19000244140625,440.3999938964844,221.0500030517578,953.5282372750167,751.9299926757812,179.77000427246094,440.4700012207031,218.02000427246094,941.0803513973068,737.3499755859375,174.92999267578125,421.0199890136719,219.0800018310547,944.5641607169979,750.0,178.1699981689453,428.29998779296875,41650100,955200,9696300,148573700,101628200
2025-09-29,222.1699981689453,960.9051513671875,743.4000244140625,181.85000610351562,443.2099914550781,222.60000610351562,970.3484191328467,750.780029296875,184.0,450.9800109863281,219.3000030517578,960.6655861684071,739.1500244140625,180.32000732421875,439.5,220.0800018310547,962.0231629128692,748.719970703125,180.42999267578125,444.3500061035156,44259200,1213800,9246800,193063500,79491500
2025-09-30,219.57000732421875,966.37548828125,734.3800048828125,186.5800018310547,444.7200012207031,222.24000549316406,973.9121046470303,742.969970703125,187.35000610351562,445.0,217.88999938964844,961.3643594697584,726.2999877929688,181.47999572753906,433.1199951171875,222.02999877929688,966.3255280922433,742.25,182.0800018310547,441.5199890136719,48396400,1303600,16226800,236981000,74358000
2025-10-01,220.6300048828125,1001.4932250976562,717.3400268554688,187.24000549316406,459.4599914550781,222.14999389648438,1003.5794895817744,721.8499755859375,188.13999938964844,462.2900085449219,216.61000061035156,963.1113079859942,710.2000122070312,183.89999389648438,440.75,217.36000061035156,963.899886959709,721.489990234375,185.24000549316406,443.79998779296875,43933800,1963800,20419600,173844900,98122300
2025-10-02,222.41000366210938,1028.3455810546875,727.0499877929688,188.88999938964844,436.0,222.80999755859375,1038.3877011205636,727.77001953125,191.0500030517578,470.75,218.9499969482422,1020.0802159448313,718.1400146484375,188.05999755859375,435.57000732421875,221.00999450683594,1037.1598989851234,722.5800170898438,189.60000610351562,470.5400085449219,41258600,1689100,11415300,136805800,137009000
2025-10-03,219.50999450683594,1030.391845703125,710.5599975585938,187.6199951171875,429.8299865722656,224.1999969482422,1038.0083373784116,731.0,190.36000061035156,446.7699890136719,219.33999633789062,1023.6438083302104,710.1799926757812,185.3800048828125,416.5799865722656,223.44000244140625,1029.1740356430846,729.6300048828125,189.19000244140625,443.2900085449219,43639000,1352300,16154300,137596900,133188200
2025-10-06,220.89999389648438,1041.4522705078125,715.6599731445312,185.5399932861328,453.25,221.72999572753906,1057.1244156526122,716.8800048828125,187.22999572753906,453.54998779296875,216.02999877929688,1038.2578648834565,690.510009765625,183.3300018310547,436.69000244140625,221.0,1038.5972285936923,705.1900024414062,185.5,440.75,43690900,1385400,21654700,157678100,85324900
2025-10-07,221.77999877929688,1000.52490234375,713.0800170898438,185.0399932861328,433.0899963378906,222.88999938964844,1042.9995335916567,718.5,189.05999755859375,452.67999267578125,220.1699981689453,999.2272168449482,705.75,184.0,432.45001220703125,220.8800048828125,1040.9830915395255,717.719970703125,186.22999572753906,447.82000732421875,31194700,1667800,12062900,140088000,102296100
2025-10-08,225.22000122070312,986.060546875,717.8400268554688,189.11000061035156,438.69000244140625,226.72999572753906,989.833881590069,719.6500244140625,189.60000610351562,441.3299865722656,221.19000244140625,975.6889333545873,707.8099975585938,186.5399932861328,425.2300109863281,222.9199981689453,976.2180239485558,713.4500122070312,186.57000732421875,437.57000732421875,46686000,1947000,10790600,130168900,71192100
2025-10-09,227.74000549316406,978.8034057617188,733.510009765625,192.57000732421875,435.5400085449219,228.2100067138672,985.7810773940685,733.510009765625,195.3000030517578,436.3500061035156,221.75,969.7894299049955,712.4400024414062,191.05999755859375,426.17999267578125,225.0,983.6048846382138,718.280029296875,192.22999572753906,431.80999755859375,46412100,1496000,12717200,182997200,69339900
2025-10-10,216.3699951171875,934.531982421875,705.2999877929688,183.16000366210938,413.489990234375,228.25,974.4711332838586,735.27001953125,195.6199951171875,443.1300048828125,216.0,933.7533345798187,704.510009765625,182.0500030517578,411.45001220703125,226.2100067138672,968.97088190753,730.9199829101562,193.50999450683594,436.5400085449219,72367500,2933900,16980100,268774400,112107900
2025-10-13,220.07000732421875,982.9161376953125,715.7000122070312,188.32000732421875,435.8999938964844,220.67999267578125,983.43523627058,719.9400024414062,190.11000061035156,436.8900146484375,217.0399932861328,965.2574642956013,707.6400146484375,185.9600067138672,419.70001220703125,217.6999969482422,970.0090440711847,713.010009765625,187.97000122070312,423.5299987792969,37809700,2223900,9251800,153482800,79552800
2025-10-14,216.38999938964844,981.438720703125,708.6500244140625,180.02999877929688,429.239990234375,219.32000732421875,991.7204665869864,715.5499877929688,184.8000030517578,434.20001220703125,212.60000610351562,964.2891548463999,699.3300170898438,179.6999969482422,417.8599853515625,215.55999755859375,965.7465910307372,707.780029296875,184.77000427246094,426.7900085449219,45665600,2422100,8829800,205641400,72669400
2025-10-15,215.57000732421875,1008.0216064453125,717.5499877929688,179.8300018310547,435.1499938964844,217.7100067138672,1031.1705389880415,723.9000244140625,184.8699951171875,440.510009765625,212.66000366210938,991.7804014023454,709.510009765625,177.2899932861328,426.3299865722656,216.6199951171875,1028.3056266822493,717.0599975585938,184.8000030517578,434.8999938964844,45909500,2900300,10246800,214450500,71558200
2025-10-16,214.47000122070312,1017.7843017578125,712.0700073242188,181.80999755859375,428.75,218.58999633789062,1047.5215208236466,725.489990234375,183.27999877929688,439.3500061035156,212.80999755859375,1009.3092866285474,703.8800048828125,179.77000427246094,421.30999755859375,215.6699981689453,1035.3331841001202,717.5499877929688,182.22999572753906,434.7300109863281,42414600,1938400,9017000,179723300,77189900
2025-10-17,213.0399932861328,1027.4471435546875,716.9199829101562,183.22000122070312,439.30999755859375,214.8000030517578,1030.9409449228447,718.5399780273438,184.10000610351562,441.4599914550781,211.02999877929688,1013.2023967655703,706.1199951171875,179.75,423.6000061035156,214.55999755859375,1018.782523472905,707.0800170898438,180.17999267578125,425.5,45986900,1663700,12232400,173135200,89331600
2025-10-20,216.47999572753906,1040.3043212890625,732.1699829101562,182.63999938964844,447.42999267578125,216.69000244140625,1050.3065948327596,733.77001953125,185.1999969482422,449.79998779296875,213.58999633789062,1029.6631665969123,720.1799926757812,181.72999572753906,440.6099853515625,213.8800048828125,1029.9227158714127,721.1900024414062,183.1300048828125,443.8699951171875,38882800,1271700,8900200,128544700,63719000
2025-10-21,222.02999877929688,1023.2046508789062,733.27001953125,181.16000366210938,442.6000061035156,223.32000732421875,1035.6425445181444,738.5,182.7899932861328,449.29998779296875,217.99000549316406,1022.3361965724671,728.75,179.8000030517578,442.04998779296875,218.42999267578125,1034.47469464121,736.02001953125,182.7899932861328,445.760009765625,50494600,1072200,7647300,124240200,54412200
2025-10-22,217.9499969482422,1009.7785034179688,733.4099731445312,180.27999877929688,438.9700012207031,220.00999450683594,1031.3502781257769,740.5999755859375,183.44000244140625,445.5400085449219,216.52000427246094,995.9030961315934,724.030029296875,176.75999450683594,429.0,219.3000030517578,1024.6320946876176,733.8300170898438,181.13999938964844,443.45001220703125,44308500,1328600,8734500,162249600,84023500
2025-10-23,221.08999633789062,1034.574462890625,734.0,182.16000366210938,448.9800109863281,221.3000030517578,1038.6571850297828,742.4099731445312,183.02999877929688,449.3999938964844,218.17999267578125,1002.7209441253406,733.0999755859375,179.7899932861328,413.8999938964844,219.0,1002.7409282002793,734.7000122070312,180.4199981689453,420.0,31540000,1318200,9856000,111363700,126709800
2025-10-24,224.2100067138672,1031.270263671875,738.3599853515625,186.25999450683594,433.7200012207031,225.39999389648438,1041.5520701977043,741.2100219726562,187.47000122070312,451.67999267578125,221.89999389648438,1030.3519710603098,731.1500244140625,183.5,430.1700134277344,221.97000122070312,1036.0917872990528,736.7899780273438,183.83999633789062,446.8299865722656,38685100,1032700,9151300,131296700,94727800
2025-10-27,226.97000122070312,1058.1026611328125,750.8200073242188,191.49000549316406,452.4200134277344,228.39999389648438,1058.8513328157424,755.75,192.0,460.1600036621094,225.5399932861328,1047.5014749766888,748.010009765625,188.42999267578125,438.69000244140625,227.66000366210938,1048.1503481393845,749.72998046875,189.99000549316406,439.9800109863281,38267000,1265600,11321100,153452700,105867500
2025-10-28,229.25,1050.615966796875,751.4400024414062,201.02999877929688,460.54998779296875,231.49000549316406,1058.7615490006997,758.4000244140625,203.14999389648438,467.0,226.2100067138672,1049.8672950979162,745.52001953125,191.91000366210938,451.6000061035156,228.22000122070312,1054.9283840211835,752.6300048828125,193.0500030517578,454.7799987792969,47100000,856900,12193800,297986200,80185700
2025-10-29,230.3000030517578,1070.8399658203125,751.6699829101562,207.0399932861328,461.510009765625,232.82000732421875,1077.760009765625,759.1599731445312,212.19000244140625,465.70001220703125,227.75999450683594,1064.8399658203125,742.510009765625,204.77999877929688,452.6499938964844,231.6699981689453,1070.6600341796875,754.75,207.97999572753906,462.5,52036200,1530000,26818600,308829600,67983500
2025-10-30,222.86000061035156,1075.449951171875,666.469970703125,202.88999938964844,440.1000061035156,228.44000244140625,1086.1099853515625,680.9600219726562,206.16000366210938,455.05999755859375,222.75,1070.6099853515625,650.1699829101562,201.41000366210938,439.6099853515625,227.05999755859375,1072.6800537109375,669.1500244140625,205.14999389648438,451.04998779296875,102252900,1283100,88440100,178864400,72447900
2025-10-31,244.22000122070312,1059.22998046875,648.3499755859375,202.49000549316406,456.55999755859375,250.5,1073.280029296875,674.8900146484375,207.97000122070312,458.0,243.97999572753906,1051.4000244140625,645.5700073242188,202.07000732421875,443.69000244140625,250.10000610351562,1071.6800537109375,674.510009765625,206.4499969482422,446.75,166340800,1179400,56953200,179802200,83135800
2025-11-03,254.0,1066.8199462890625,637.7100219726562,206.8800048828125,468.3699951171875,258.6000061035156,1073.4000244140625,659.3300170898438,211.33999633789062,474.07000732421875,252.89999389648438,1062.989990234375,636.1799926757812,205.55999755859375,453.79998779296875,255.36000061035156,1063.02001953125,656.0,208.0800018310547,455.989990234375,95997800,868100,33003600,180267300,84595200
2025-11-04,249.32000732421875,1030.1400146484375,627.3200073242188,198.69000244140625,444.260009765625,257.010009765625,1063.260009765625,641.739990234375,203.97000122070312,460.2200012207031,248.66000366210938,1028.8299560546875,626.010009765625,197.92999267578125,443.6000061035156,250.3800048828125,1049.949951171875,628.0399780273438,203.0,454.4599914550781,51546300,1735100,27356600,188919300,87756600
2025-11-05,250.1999969482422,1043.75,635.9500122070312,195.2100067138672,462.07000732421875,251.0,1050.6400146484375,642.22998046875,202.9199981689453,466.3299865722656,246.16000366210938,1030.800048828125,626.5399780273438,194.64999389648438,440.7099914550781,249.02999877929688,1031.0999755859375,632.3099975585938,198.77000427246094,452.04998779296875,40610700,1169400,20219900,171350300,85573000
2025-11-06,243.0399932861328,1029.199951171875,618.9400024414062,188.0800018310547,445.9100036621094,250.3800048828125,1041.530029296875,636.0,197.6199951171875,467.45001220703125,242.1699981689453,1026.43994140625,618.0,186.3800048828125,435.0899963378906,249.16000366210938,1039.8800048828125,635.8499755859375,196.4199981689453,461.9599914550781,46004200,1073000,23628800,223029800,109622900
2025-11-07,244.41000366210938,1016.9600219726562,621.7100219726562,188.14999389648438,429.5199890136719,244.89999389648438,1035.4000244140625,622.1300048828125,188.32000732421875,439.3599853515625,238.49000549316406,996.8200073242188,601.2000122070312,178.91000366210938,421.8800048828125,242.89999389648438,1031.0999755859375,616.489990234375,184.89999389648438,437.9200134277344,46374300,1841900,29946800,264942300,103471500
2025-11-10,248.39999389648438,1038.7900390625,631.760009765625,199.0500030517578,445.2300109863281,251.75,1042.7900390625,635.0,199.94000244140625,449.6700134277344,245.58999633789062,1021.0700073242188,618.1099853515625,193.7899932861328,433.3599853515625,248.33999633789062,1036.77001953125,631.0900268554688,195.11000061035156,439.6000061035156,36476500,992900,19245000,198897100,76515900
2025-11-11,249.10000610351562,1022.4199829101562,627.0800170898438,193.16000366210938,439.6199951171875,249.75,1036.97998046875,629.5599975585938,195.4199981689453,442.489990234375,247.22999572753906,1017.780029296875,619.3900146484375,191.3000030517578,432.3599853515625,248.41000366210938,1031.77001953125,628.0,195.16000366210938,439.3999938964844,23564100,1026000,13302200,176483300,60533200
2025-11-12,244.1999969482422,1037.3299560546875,609.010009765625,193.8000030517578,430.6000061035156,250.3699951171875,1038.699951171875,628.989990234375,195.88999938964844,442.3299865722656,243.75,1025.22998046875,607.77001953125,191.1300048828125,426.55999755859375,250.24000549316406,1030.1600341796875,628.1300048828125,195.72000122070312,442.1499938964844,31190100,961900,24493300,154935300,58513500
2025-11-13,237.5800018310547,1019.8599853515625,609.8900146484375,186.86000061035156,401.989990234375,243.75,1041.8599853515625,617.6500244140625,191.44000244140625,424.5,236.5,1009.510009765625,603.0,183.85000610351562,396.3399963378906,243.0500030517578,1040.989990234375,613.0700073242188,191.0500030517578,423.1300048828125,41401700,1406300,20973800,207423100,118948000
2025-11-14,234.69000244140625,1006.97998046875,609.4600219726562,190.1699981689453,404.3500061035156,238.72999572753906,1018.0700073242188,613.6799926757812,191.00999450683594,412.19000244140625,232.88999938964844,981.0,595.2000122070312,180.5800018310547,382.7799987792969,235.05999755859375,989.2999877929688,601.7899780273438,182.86000061035156,386.29998779296875,38956700,1307800,20724100,186591900,105506700
2025-11-17,232.8699951171875,1020.0,602.010009765625,186.60000610351562,408.9200134277344,234.60000610351562,1025.0,611.6900024414062,189.0,423.9599914550781,229.19000244140625,1004.27001953125,595.4000244140625,184.32000732421875,398.739990234375,233.25,1004.719970703125,609.0399780273438,185.97000122070312,398.739990234375,59919000,1691500,16501300,173628900,102214300
2025-11-18,222.5500030517578,1004.0599975585938,597.6900024414062,181.36000061035156,401.25,230.1999969482422,1017.719970703125,603.6599731445312,184.8000030517578,408.8999938964844,222.4199981689453,993.989990234375,583.780029296875,179.64999389648438,393.7099914550781,228.10000610351562,1011.0800170898438,591.5999755859375,183.3800048828125,405.3800048828125,60464200,1413100,25433700,212533500,80318700
